<annotation>
	<folder>SM218826111 Coating</folder>
	<filename>SM218826111 Coating_Page1.jpg</filename>
	<path>C:\Users\malini.duraisamy\Desktop\PDF_EXTRACTION\output\SM218826111 Coating\SM218826111 Coating_Page1.jpg</path>
	<source>
		<database>Unknown</database>
	</source>
	<size>
		<width>2550</width>
		<height>3300</height>
		<depth>3</depth>
	</size>
	<segmented>0</segmented>
	<object>
		<name>Order_Number</name>
		<pose>Unspecified</pose>
		<truncated>0</truncated>
		<difficult>0</difficult>
		<bndbox>
			<xmin>165</xmin>
			<ymin>828</ymin>
			<xmax>416</xmax>
			<ymax>955</ymax>
		</bndbox>
	</object>
	<object>
		<name>Material</name>
		<pose>Unspecified</pose>
		<truncated>0</truncated>
		<difficult>0</difficult>
		<bndbox>
			<xmin>239</xmin>
			<ymin>1096</ymin>
			<xmax>352</xmax>
			<ymax>1151</ymax>
		</bndbox>
	</object>
	<object>
		<name>Lot_Number</name>
		<pose>Unspecified</pose>
		<truncated>0</truncated>
		<difficult>0</difficult>
		<bndbox>
			<xmin>790</xmin>
			<ymin>977</ymin>
			<xmax>1109</xmax>
			<ymax>1028</ymax>
		</bndbox>
	</object>
	<object>
		<name>Part_Description</name>
		<pose>Unspecified</pose>
		<truncated>0</truncated>
		<difficult>0</difficult>
		<bndbox>
			<xmin>692</xmin>
			<ymin>1096</ymin>
			<xmax>1186</xmax>
			<ymax>1164</ymax>
		</bndbox>
	</object>
	<object>
		<name>Part_Number</name>
		<pose>Unspecified</pose>
		<truncated>0</truncated>
		<difficult>0</difficult>
		<bndbox>
			<xmin>848</xmin>
			<ymin>855</ymin>
			<xmax>1046</xmax>
			<ymax>919</ymax>
		</bndbox>
	</object>
	<object>
		<name>Container</name>
		<pose>Unspecified</pose>
		<truncated>0</truncated>
		<difficult>0</difficult>
		<bndbox>
			<xmin>86</xmin>
			<ymin>1226</ymin>
			<xmax>224</xmax>
			<ymax>1298</ymax>
		</bndbox>
	</object>
	<object>
		<name>Number</name>
		<pose>Unspecified</pose>
		<truncated>0</truncated>
		<difficult>0</difficult>
		<bndbox>
			<xmin>820</xmin>
			<ymin>1228</ymin>
			<xmax>943</xmax>
			<ymax>1302</ymax>
		</bndbox>
	</object>
	<object>
		<name>Tub_Number</name>
		<pose>Unspecified</pose>
		<truncated>0</truncated>
		<difficult>0</difficult>
		<bndbox>
			<xmin>1637</xmin>
			<ymin>1226</ymin>
			<xmax>2418</xmax>
			<ymax>1362</ymax>
		</bndbox>
	</object>
	<object>
		<name>Order_Qty</name>
		<pose>Unspecified</pose>
		<truncated>0</truncated>
		<difficult>0</difficult>
		<bndbox>
			<xmin>1558</xmin>
			<ymin>1098</ymin>
			<xmax>1733</xmax>
			<ymax>1151</ymax>
		</bndbox>
	</object>
	<object>
		<name>Order_Weight</name>
		<pose>Unspecified</pose>
		<truncated>0</truncated>
		<difficult>0</difficult>
		<bndbox>
			<xmin>2071</xmin>
			<ymin>1100</ymin>
			<xmax>2243</xmax>
			<ymax>1162</ymax>
		</bndbox>
	</object>
	<object>
		<name>PO_Number</name>
		<pose>Unspecified</pose>
		<truncated>0</truncated>
		<difficult>0</difficult>
		<bndbox>
			<xmin>1822</xmin>
			<ymin>979</ymin>
			<xmax>2005</xmax>
			<ymax>1036</ymax>
		</bndbox>
	</object>
	<object>
		<name>Part_Number</name>
		<pose>Unspecified</pose>
		<truncated>0</truncated>
		<difficult>0</difficult>
		<bndbox>
			<xmin>1690</xmin>
			<ymin>853</ymin>
			<xmax>2097</xmax>
			<ymax>919</ymax>
		</bndbox>
	</object>
	<object>
		<name>Customer_Name</name>
		<pose>Unspecified</pose>
		<truncated>0</truncated>
		<difficult>0</difficult>
		<bndbox>
			<xmin>963</xmin>
			<ymin>738</ymin>
			<xmax>1452</xmax>
			<ymax>798</ymax>
		</bndbox>
	</object>
	<object>
		<name>Order_Date</name>
		<pose>Unspecified</pose>
		<truncated>0</truncated>
		<difficult>0</difficult>
		<bndbox>
			<xmin>1975</xmin>
			<ymin>734</ymin>
			<xmax>2352</xmax>
			<ymax>789</ymax>
		</bndbox>
	</object>
</annotation>
