<annotation>
	<folder>SM218826111</folder>
	<filename>SM218826111_Page1.jpg</filename>
	<path>C:\Users\malini.duraisamy\Desktop\PDF_EXTRACTION\output\SM218826111\SM218826111_Page1.jpg</path>
	<source>
		<database>Unknown</database>
	</source>
	<size>
		<width>2550</width>
		<height>3300</height>
		<depth>3</depth>
	</size>
	<segmented>0</segmented>
	<object>
		<name>To_Address</name>
		<pose>Unspecified</pose>
		<truncated>0</truncated>
		<difficult>0</difficult>
		<bndbox>
			<xmin>132</xmin>
			<ymin>977</ymin>
			<xmax>706</xmax>
			<ymax>1229</ymax>
		</bndbox>
	</object>
	<object>
		<name>Ship_To_Address</name>
		<pose>Unspecified</pose>
		<truncated>0</truncated>
		<difficult>0</difficult>
		<bndbox>
			<xmin>1295</xmin>
			<ymin>977</ymin>
			<xmax>1858</xmax>
			<ymax>1232</ymax>
		</bndbox>
	</object>
	<object>
		<name>Work_Order_Number</name>
		<pose>Unspecified</pose>
		<truncated>0</truncated>
		<difficult>0</difficult>
		<bndbox>
			<xmin>506</xmin>
			<ymin>1362</ymin>
			<xmax>899</xmax>
			<ymax>1473</ymax>
		</bndbox>
	</object>
	<object>
		<name>P/L_Number</name>
		<pose>Unspecified</pose>
		<truncated>0</truncated>
		<difficult>0</difficult>
		<bndbox>
			<xmin>1658</xmin>
			<ymin>1369</ymin>
			<xmax>2076</xmax>
			<ymax>1481</ymax>
		</bndbox>
	</object>
	<object>
		<name>Address</name>
		<pose>Unspecified</pose>
		<truncated>0</truncated>
		<difficult>0</difficult>
		<bndbox>
			<xmin>1028</xmin>
			<ymin>432</ymin>
			<xmax>1591</xmax>
			<ymax>777</ymax>
		</bndbox>
	</object>
	<object>
		<name>Quantity</name>
		<pose>Unspecified</pose>
		<truncated>0</truncated>
		<difficult>0</difficult>
		<bndbox>
			<xmin>165</xmin>
			<ymin>1588</ymin>
			<xmax>328</xmax>
			<ymax>1669</ymax>
		</bndbox>
	</object>
	<object>
		<name>Part_Number</name>
		<pose>Unspecified</pose>
		<truncated>0</truncated>
		<difficult>0</difficult>
		<bndbox>
			<xmin>391</xmin>
			<ymin>1584</ymin>
			<xmax>825</xmax>
			<ymax>1721</ymax>
		</bndbox>
	</object>
	<object>
		<name>Description</name>
		<pose>Unspecified</pose>
		<truncated>0</truncated>
		<difficult>0</difficult>
		<bndbox>
			<xmin>917</xmin>
			<ymin>1584</ymin>
			<xmax>1106</xmax>
			<ymax>1673</ymax>
		</bndbox>
	</object>
	<object>
		<name>LOT#</name>
		<pose>Unspecified</pose>
		<truncated>0</truncated>
		<difficult>0</difficult>
		<bndbox>
			<xmin>1554</xmin>
			<ymin>1584</ymin>
			<xmax>1795</xmax>
			<ymax>1669</ymax>
		</bndbox>
	</object>
	<object>
		<name>PO#</name>
		<pose>Unspecified</pose>
		<truncated>0</truncated>
		<difficult>0</difficult>
		<bndbox>
			<xmin>1795</xmin>
			<ymin>1581</ymin>
			<xmax>1969</xmax>
			<ymax>1651</ymax>
		</bndbox>
	</object>
</annotation>
