<annotation>
	<folder>218826111-PD</folder>
	<filename>218826111-PD_Page1.jpg</filename>
	<path>C:\Users\malini.duraisamy\Desktop\PDF_EXTRACTION\output\218826111-PD\218826111-PD_Page1.jpg</path>
	<source>
		<database>Unknown</database>
	</source>
	<size>
		<width>2550</width>
		<height>3300</height>
		<depth>3</depth>
	</size>
	<segmented>0</segmented>
	<object>
		<name>Description</name>
		<pose>Unspecified</pose>
		<truncated>0</truncated>
		<difficult>0</difficult>
		<bndbox>
			<xmin>1377</xmin>
			<ymin>238</ymin>
			<xmax>1677</xmax>
			<ymax>296</ymax>
		</bndbox>
	</object>
	<object>
		<name>Characteristic</name>
		<pose>Unspecified</pose>
		<truncated>0</truncated>
		<difficult>0</difficult>
		<bndbox>
			<xmin>461</xmin>
			<ymin>292</ymin>
			<xmax>829</xmax>
			<ymax>347</ymax>
		</bndbox>
	</object>
	<object>
		<name>Customer_Name</name>
		<pose>Unspecified</pose>
		<truncated>0</truncated>
		<difficult>0</difficult>
		<bndbox>
			<xmin>460</xmin>
			<ymin>198</ymin>
			<xmax>624</xmax>
			<ymax>253</ymax>
		</bndbox>
	</object>
	<object>
		<name>Dept</name>
		<pose>Unspecified</pose>
		<truncated>0</truncated>
		<difficult>0</difficult>
		<bndbox>
			<xmin>463</xmin>
			<ymin>336</ymin>
			<xmax>735</xmax>
			<ymax>402</ymax>
		</bndbox>
	</object>
	<object>
		<name>Revision_Level</name>
		<pose>Unspecified</pose>
		<truncated>0</truncated>
		<difficult>0</difficult>
		<bndbox>
			<xmin>1382</xmin>
			<ymin>300</ymin>
			<xmax>1433</xmax>
			<ymax>355</ymax>
		</bndbox>
	</object>
	<object>
		<name>Date_of_Report</name>
		<pose>Unspecified</pose>
		<truncated>0</truncated>
		<difficult>0</difficult>
		<bndbox>
			<xmin>2094</xmin>
			<ymin>194</ymin>
			<xmax>2311</xmax>
			<ymax>253</ymax>
		</bndbox>
	</object>
	<object>
		<name>Part_Number</name>
		<pose>Unspecified</pose>
		<truncated>0</truncated>
		<difficult>0</difficult>
		<bndbox>
			<xmin>465</xmin>
			<ymin>245</ymin>
			<xmax>729</xmax>
			<ymax>298</ymax>
		</bndbox>
	</object>
	<object>
		<name>Mean</name>
		<pose>Unspecified</pose>
		<truncated>0</truncated>
		<difficult>0</difficult>
		<bndbox>
			<xmin>1246</xmin>
			<ymin>662</ymin>
			<xmax>1401</xmax>
			<ymax>711</ymax>
		</bndbox>
	</object>
	<object>
		<name>USL</name>
		<pose>Unspecified</pose>
		<truncated>0</truncated>
		<difficult>0</difficult>
		<bndbox>
			<xmin>194</xmin>
			<ymin>613</ymin>
			<xmax>354</xmax>
			<ymax>664</ymax>
		</bndbox>
	</object>
	<object>
		<name>%inspec</name>
		<pose>Unspecified</pose>
		<truncated>0</truncated>
		<difficult>0</difficult>
		<bndbox>
			<xmin>2397</xmin>
			<ymin>702</ymin>
			<xmax>2533</xmax>
			<ymax>755</ymax>
		</bndbox>
	</object>
	<object>
		<name>6SD</name>
		<pose>Unspecified</pose>
		<truncated>0</truncated>
		<difficult>0</difficult>
		<bndbox>
			<xmin>1733</xmin>
			<ymin>560</ymin>
			<xmax>1852</xmax>
			<ymax>626</ymax>
		</bndbox>
	</object>
	<object>
		<name>Audit_date</name>
		<pose>Unspecified</pose>
		<truncated>0</truncated>
		<difficult>0</difficult>
		<bndbox>
			<xmin>660</xmin>
			<ymin>564</ymin>
			<xmax>877</xmax>
			<ymax>626</ymax>
		</bndbox>
	</object>
	<object>
		<name>Kurtosis</name>
		<pose>Unspecified</pose>
		<truncated>0</truncated>
		<difficult>0</difficult>
		<bndbox>
			<xmin>1877</xmin>
			<ymin>3196</ymin>
			<xmax>2018</xmax>
			<ymax>3253</ymax>
		</bndbox>
	</object>
	<object>
		<name>Subgroups</name>
		<pose>Unspecified</pose>
		<truncated>0</truncated>
		<difficult>0</difficult>
		<bndbox>
			<xmin>258</xmin>
			<ymin>981</ymin>
			<xmax>358</xmax>
			<ymax>1040</ymax>
		</bndbox>
	</object>
	<object>
		<name>Momental_Skewness</name>
		<pose>Unspecified</pose>
		<truncated>0</truncated>
		<difficult>0</difficult>
		<bndbox>
			<xmin>984</xmin>
			<ymin>3196</ymin>
			<xmax>1103</xmax>
			<ymax>3255</ymax>
		</bndbox>
	</object>
	<object>
		<name>Target</name>
		<pose>Unspecified</pose>
		<truncated>0</truncated>
		<difficult>0</difficult>
		<bndbox>
			<xmin>2033</xmin>
			<ymin>2109</ymin>
			<xmax>2180</xmax>
			<ymax>2172</ymax>
		</bndbox>
	</object>
	<object>
		<name>image</name>
		<pose>Unspecified</pose>
		<truncated>0</truncated>
		<difficult>0</difficult>
		<bndbox>
			<xmin>262</xmin>
			<ymin>1292</ymin>
			<xmax>1917</xmax>
			<ymax>3032</ymax>
		</bndbox>
	</object>
</annotation>
