<annotation>
	<folder>SM218826111-HT</folder>
	<filename>SM218826111-HT_Page2.jpg</filename>
	<path>C:\Users\malini.duraisamy\Desktop\PDF_EXTRACTION\output\SM218826111-HT\SM218826111-HT_Page2.jpg</path>
	<source>
		<database>Unknown</database>
	</source>
	<size>
		<width>2550</width>
		<height>3300</height>
		<depth>1</depth>
	</size>
	<segmented>0</segmented>
	<object>
		<name>Paragraph</name>
		<pose>Unspecified</pose>
		<truncated>0</truncated>
		<difficult>0</difficult>
		<bndbox>
			<xmin>124</xmin>
			<ymin>2140</ymin>
			<xmax>2517</xmax>
			<ymax>2412</ymax>
		</bndbox>
	</object>
	<object>
		<name>image</name>
		<pose>Unspecified</pose>
		<truncated>0</truncated>
		<difficult>0</difficult>
		<bndbox>
			<xmin>991</xmin>
			<ymin>2692</ymin>
			<xmax>1588</xmax>
			<ymax>3006</ymax>
		</bndbox>
	</object>
</annotation>
