<annotation>
	<folder>SM218826111-HT</folder>
	<filename>SM218826111-HT_Page1.jpg</filename>
	<path>C:\Users\malini.duraisamy\Desktop\PDF_EXTRACTION\output\SM218826111-HT\SM218826111-HT_Page1.jpg</path>
	<source>
		<database>Unknown</database>
	</source>
	<size>
		<width>2550</width>
		<height>3300</height>
		<depth>3</depth>
	</size>
	<segmented>0</segmented>
	<object>
		<name>Finish_Size</name>
		<pose>Unspecified</pose>
		<truncated>0</truncated>
		<difficult>0</difficult>
		<bndbox>
			<xmin>2245</xmin>
			<ymin>822</ymin>
			<xmax>2466</xmax>
			<ymax>863</ymax>
		</bndbox>
	</object>
	<object>
		<name>Ship_Date</name>
		<pose>Unspecified</pose>
		<truncated>0</truncated>
		<difficult>0</difficult>
		<bndbox>
			<xmin>2239</xmin>
			<ymin>866</ymin>
			<xmax>2472</xmax>
			<ymax>924</ymax>
		</bndbox>
	</object>
	<object>
		<name>Grade</name>
		<pose>Unspecified</pose>
		<truncated>0</truncated>
		<difficult>0</difficult>
		<bndbox>
			<xmin>1817</xmin>
			<ymin>724</ymin>
			<xmax>2477</xmax>
			<ymax>773</ymax>
		</bndbox>
	</object>
	<object>
		<name>Process</name>
		<pose>Unspecified</pose>
		<truncated>0</truncated>
		<difficult>0</difficult>
		<bndbox>
			<xmin>2238</xmin>
			<ymin>772</ymin>
			<xmax>2472</xmax>
			<ymax>819</ymax>
		</bndbox>
	</object>
	<object>
		<name>Ship_Lot</name>
		<pose>Unspecified</pose>
		<truncated>0</truncated>
		<difficult>0</difficult>
		<bndbox>
			<xmin>2272</xmin>
			<ymin>681</ymin>
			<xmax>2475</xmax>
			<ymax>722</ymax>
		</bndbox>
	</object>
	<object>
		<name>Heat</name>
		<pose>Unspecified</pose>
		<truncated>0</truncated>
		<difficult>0</difficult>
		<bndbox>
			<xmin>2254</xmin>
			<ymin>634</ymin>
			<xmax>2472</xmax>
			<ymax>684</ymax>
		</bndbox>
	</object>
	<object>
		<name>Charter_sales_Order</name>
		<pose>Unspecified</pose>
		<truncated>0</truncated>
		<difficult>0</difficult>
		<bndbox>
			<xmin>2262</xmin>
			<ymin>588</ymin>
			<xmax>2477</xmax>
			<ymax>640</ymax>
		</bndbox>
	</object>
	<object>
		<name>Customer_Part</name>
		<pose>Unspecified</pose>
		<truncated>0</truncated>
		<difficult>0</difficult>
		<bndbox>
			<xmin>2277</xmin>
			<ymin>542</ymin>
			<xmax>2471</xmax>
			<ymax>588</ymax>
		</bndbox>
	</object>
	<object>
		<name>Cust_P.O.</name>
		<pose>Unspecified</pose>
		<truncated>0</truncated>
		<difficult>0</difficult>
		<bndbox>
			<xmin>2275</xmin>
			<ymin>500</ymin>
			<xmax>2468</xmax>
			<ymax>546</ymax>
		</bndbox>
	</object>
	<object>
		<name>Address</name>
		<pose>Unspecified</pose>
		<truncated>0</truncated>
		<difficult>0</difficult>
		<bndbox>
			<xmin>217</xmin>
			<ymin>760</ymin>
			<xmax>802</xmax>
			<ymax>940</ymax>
		</bndbox>
	</object>
	<object>
		<name>image</name>
		<pose>Unspecified</pose>
		<truncated>0</truncated>
		<difficult>0</difficult>
		<bndbox>
			<xmin>73</xmin>
			<ymin>3</ymin>
			<xmax>351</xmax>
			<ymax>347</ymax>
		</bndbox>
	</object>
	<object>
		<name>image</name>
		<pose>Unspecified</pose>
		<truncated>0</truncated>
		<difficult>0</difficult>
		<bndbox>
			<xmin>1665</xmin>
			<ymin>2988</ymin>
			<xmax>2258</xmax>
			<ymax>3114</ymax>
		</bndbox>
	</object>
</annotation>
